# year,month,day,hour,min,sec,msec, x (m), y(m), z(m)
2020,9,1,0,0,0,0,1.56354e-01,6.40518e-02,-2.54115e-01
2020,9,1,0,0,0,400,1.97009e-02,-4.57036e-02,-3.64059e-01
2020,9,1,0,0,0,799,-4.94790e-03,4.64854e-02,-2.57613e-01
2020,9,1,0,0,1,200,6.99733e-02,1.19744e-01,-1.13943e-01
2020,9,1,0,0,1,599,6.87271e-02,1.55263e-01,7.37670e-02
2020,9,1,0,0,2,0,9.02097e-02,2.08011e-01,2.10707e-01
2020,9,1,0,0,2,400,2.56788e-01,2.78973e-01,1.86510e-01
2020,9,1,0,0,2,799,3.67650e-01,1.83850e-01,1.35295e-01
2020,9,1,0,0,3,200,3.57234e-01,1.98238e-01,1.43801e-01
2020,9,1,0,0,3,599,2.91723e-01,3.04805e-01,9.12891e-02
2020,9,1,0,0,4,0,1.61334e-01,3.17965e-01,-1.01701e-01
2020,9,1,0,0,4,400,-4.66761e-02,2.39127e-01,-3.12081e-01
2020,9,1,0,0,4,799,-1.63715e-01,8.66211e-02,-4.53131e-01
2020,9,1,0,0,5,200,-2.90818e-01,-9.74608e-03,-4.69347e-01
2020,9,1,0,0,5,599,-3.17427e-01,-1.24884e-01,-5.14603e-01
2020,9,1,0,0,6,0,-2.22102e-01,-3.32372e-01,-5.72853e-01
2020,9,1,0,0,6,400,-1.38845e-01,-5.76048e-01,-3.99012e-01
2020,9,1,0,0,6,799,-7.76186e-02,-5.42009e-01,-8.26439e-02
2020,9,1,0,0,7,200,-2.70481e-01,-3.79758e-01,1.38653e-01
2020,9,1,0,0,7,599,-4.96342e-01,-3.28804e-01,1.89565e-01
2020,9,1,0,0,8,0,-4.88212e-01,-2.78160e-01,2.20211e-01
2020,9,1,0,0,8,400,-3.36720e-01,-1.35166e-01,3.52180e-01
2020,9,1,0,0,8,799,-1.52053e-01,2.51114e-02,4.80516e-01
2020,9,1,0,0,9,200,-2.40462e-02,1.47834e-01,5.83340e-01
2020,9,1,0,0,9,599,4.74705e-02,2.70010e-01,6.25923e-01
2020,9,1,0,0,10,0,1.63259e-01,3.17942e-01,5.20869e-01
2020,9,1,0,0,10,400,3.88833e-01,3.28772e-01,3.95302e-01
2020,9,1,0,0,10,799,5.02584e-01,4.32137e-01,3.01098e-01
2020,9,1,0,0,11,200,4.93965e-01,5.35028e-01,1.44546e-01
2020,9,1,0,0,11,599,5.17779e-01,5.26880e-01,-8.70233e-02
2020,9,1,0,0,12,0,5.73870e-01,4.63918e-01,-2.56838e-01
2020,9,1,0,0,12,400,5.30586e-01,3.64260e-01,-3.88023e-01
2020,9,1,0,0,12,799,4.63988e-01,1.35430e-01,-5.62373e-01
2020,9,1,0,0,13,200,3.64157e-01,-7.46540e-02,-5.51613e-01
2020,9,1,0,0,13,599,9.77430e-02,-6.29229e-02,-3.77363e-01
2020,9,1,0,0,14,0,-3.01758e-01,5.91799e-02,-3.40058e-01
2020,9,1,0,0,14,400,-5.89813e-01,3.42196e-02,-5.67601e-01
2020,9,1,0,0,14,799,-6.21487e-01,-1.76074e-01,-8.34796e-01
2020,9,1,0,0,15,200,-5.55175e-01,-4.03643e-01,-8.35681e-01
2020,9,1,0,0,15,599,-5.44692e-01,-5.74744e-01,-6.38048e-01
2020,9,1,0,0,16,0,-6.45592e-01,-7.08536e-01,-3.65156e-01
2020,9,1,0,0,16,400,-7.02063e-01,-7.31488e-01,-5.61386e-02
2020,9,1,0,0,16,799,-7.04332e-01,-6.45060e-01,2.32118e-01
2020,9,1,0,0,17,200,-6.07781e-01,-5.59264e-01,4.79796e-01
2020,9,1,0,0,17,599,-4.23771e-01,-3.62555e-01,7.03020e-01
2020,9,1,0,0,18,0,-2.19387e-01,-5.63892e-02,8.72015e-01
2020,9,1,0,0,18,400,-3.84994e-02,1.18731e-01,8.36629e-01
2020,9,1,0,0,18,799,9.60736e-02,3.11732e-01,7.39109e-01
2020,9,1,0,0,19,200,1.96500e-01,4.28902e-01,7.09213e-01
2020,9,1,0,0,19,599,2.84829e-01,4.71535e-01,7.03847e-01
2020,9,1,0,0,20,0,4.04976e-01,6.43111e-01,7.73703e-01
2020,9,1,0,0,20,400,4.91087e-01,8.32535e-01,8.21874e-01
2020,9,1,0,0,20,799,5.53301e-01,9.65054e-01,6.58208e-01
2020,9,1,0,0,21,200,7.04277e-01,9.31311e-01,2.83559e-01
2020,9,1,0,0,21,599,8.54058e-01,6.57284e-01,-9.70702e-02
2020,9,1,0,0,22,0,7.81563e-01,3.47111e-01,-3.66122e-01
2020,9,1,0,0,22,400,5.19587e-01,1.11509e-01,-6.23659e-01
2020,9,1,0,0,22,799,2.47223e-01,-8.66756e-02,-9.92254e-01
2020,9,1,0,0,23,200,-1.35668e-02,-4.31842e-01,-1.34101e+00
2020,9,1,0,0,23,599,-3.06598e-01,-7.75981e-01,-1.49471e+00
2020,9,1,0,0,24,0,-5.87887e-01,-1.15594e+00,-1.44819e+00
2020,9,1,0,0,24,400,-8.57450e-01,-1.31358e+00,-1.11065e+00
2020,9,1,0,0,24,799,-8.49361e-01,-1.32350e+00,-6.22710e-01
2020,9,1,0,0,25,200,-6.75260e-01,-1.22311e+00,-1.20453e-01
2020,9,1,0,0,25,599,-6.24615e-01,-9.57046e-01,4.37848e-01
2020,9,1,0,0,26,0,-5.40521e-01,-6.18590e-01,7.91996e-01
2020,9,1,0,0,26,400,-3.01576e-01,-3.00632e-01,8.99956e-01
2020,9,1,0,0,26,799,-1.41416e-01,-1.12599e-01,9.27996e-01
2020,9,1,0,0,27,200,-5.97165e-02,3.66687e-02,1.01487e+00
2020,9,1,0,0,27,599,7.63518e-02,3.33631e-01,1.21110e+00
2020,9,1,0,0,28,0,2.56641e-01,5.73549e-01,1.33691e+00
2020,9,1,0,0,28,400,4.91942e-01,7.75602e-01,1.23919e+00
2020,9,1,0,0,28,799,6.92426e-01,1.05053e+00,9.63592e-01
2020,9,1,0,0,29,200,8.81159e-01,1.19491e+00,5.38687e-01
2020,9,1,0,0,29,599,9.91488e-01,1.09972e+00,-1.80207e-02
2020,9,1,0,0,30,0,9.58003e-01,8.38670e-01,-5.05871e-01
2020,9,1,0,0,30,400,8.14158e-01,4.87162e-01,-8.68385e-01
2020,9,1,0,0,30,799,6.15203e-01,2.10922e-01,-1.11706e+00
2020,9,1,0,0,31,200,3.95228e-01,-6.40368e-02,-1.23846e+00
2020,9,1,0,0,31,599,1.76240e-01,-2.08184e-01,-1.14349e+00
2020,9,1,0,0,32,0,-8.65780e-02,-1.49333e-01,-8.47982e-01
2020,9,1,0,0,32,400,-2.36669e-01,-1.64145e-01,-6.47597e-01
2020,9,1,0,0,32,799,-2.53574e-01,-1.78599e-01,-5.06128e-01
2020,9,1,0,0,33,200,-2.92185e-01,-1.37905e-01,-3.48671e-01
2020,9,1,0,0,33,599,-3.52428e-01,-1.14967e-01,-2.85859e-01
2020,9,1,0,0,34,0,-4.35191e-01,-1.83397e-01,-2.72534e-01
2020,9,1,0,0,34,400,-5.28450e-01,-3.61738e-01,-2.58710e-01
2020,9,1,0,0,34,799,-7.20801e-01,-5.76819e-01,-2.27487e-01
2020,9,1,0,0,35,200,-8.56474e-01,-7.52788e-01,-1.20187e-01
2020,9,1,0,0,35,599,-9.69541e-01,-7.44374e-01,1.65456e-01
2020,9,1,0,0,36,0,-8.93787e-01,-6.25013e-01,5.32108e-01
2020,9,1,0,0,36,400,-7.18585e-01,-3.76233e-01,8.58908e-01
2020,9,1,0,0,36,799,-4.66272e-01,-1.09087e-01,1.09222e+00
2020,9,1,0,0,37,200,9.59250e-02,1.94270e-01,1.13082e+00
2020,9,1,0,0,37,599,5.78315e-01,4.04220e-01,1.06911e+00
2020,9,1,0,0,38,0,7.26253e-01,5.03204e-01,8.41741e-01
2020,9,1,0,0,38,400,7.29309e-01,6.02206e-01,5.12128e-01
2020,9,1,0,0,38,799,6.88682e-01,6.64377e-01,2.20119e-01
2020,9,1,0,0,39,200,6.48351e-01,7.26704e-01,-5.33583e-02
2020,9,1,0,0,39,599,5.08730e-01,7.52323e-01,-2.87465e-01
2020,9,1,0,0,40,0,3.24990e-01,6.67652e-01,-4.99287e-01
2020,9,1,0,0,40,400,6.44440e-02,4.54205e-01,-6.35120e-01
2020,9,1,0,0,40,799,-8.33648e-02,3.16649e-01,-6.36504e-01
2020,9,1,0,0,41,200,-1.08915e-01,1.24188e-01,-5.33831e-01
2020,9,1,0,0,41,599,-1.74390e-03,-4.82839e-02,-3.90266e-01
2020,9,1,0,0,42,0,1.49964e-01,-1.28169e-01,-3.12534e-01
2020,9,1,0,0,42,400,2.23538e-01,-2.07498e-01,-4.15886e-01
2020,9,1,0,0,42,799,1.86409e-01,-3.96842e-01,-6.89609e-01
2020,9,1,0,0,43,200,6.09482e-02,-6.22101e-01,-7.51546e-01
2020,9,1,0,0,43,599,-1.75400e-01,-6.25184e-01,-4.66056e-01
2020,9,1,0,0,44,0,-4.32542e-01,-5.73352e-01,-1.45276e-01
2020,9,1,0,0,44,400,-5.22152e-01,-5.76414e-01,1.08092e-01
2020,9,1,0,0,44,799,-4.01071e-01,-5.05686e-01,3.74038e-01
2020,9,1,0,0,45,200,-3.13159e-01,-6.56839e-02,6.73450e-01
2020,9,1,0,0,45,599,-2.70226e-01,4.83124e-01,8.18970e-01
2020,9,1,0,0,46,0,-1.82444e-01,7.15981e-01,5.54276e-01
2020,9,1,0,0,46,400,-5.09861e-02,6.53037e-01,7.92404e-02
2020,9,1,0,0,46,799,1.14025e-01,3.87106e-01,-2.32739e-01
2020,9,1,0,0,47,200,1.23216e-01,1.03233e-01,-3.69357e-01
2020,9,1,0,0,47,599,2.20560e-02,-1.97532e-01,-3.75102e-01
2020,9,1,0,0,48,0,-1.00365e-01,-4.05593e-01,-2.19595e-01
2020,9,1,0,0,48,400,-1.89177e-01,-4.46632e-01,-9.04212e-03
2020,9,1,0,0,48,799,-2.99273e-01,-4.32881e-01,1.29893e-01
2020,9,1,0,0,49,200,-3.20012e-01,-3.08806e-01,2.76198e-01
2020,9,1,0,0,49,599,-2.07903e-01,-2.95969e-01,3.44217e-01
2020,9,1,0,0,50,0,-6.30771e-02,-3.19223e-01,4.29894e-01
2020,9,1,0,0,50,400,1.04376e-01,-2.69888e-01,6.66658e-01
2020,9,1,0,0,50,799,2.60531e-01,1.48568e-01,8.56708e-01
2020,9,1,0,0,51,200,4.16388e-01,6.20909e-01,7.93092e-01
2020,9,1,0,0,51,599,5.71959e-01,7.39566e-01,3.60302e-01
2020,9,1,0,0,52,0,6.37616e-01,5.25874e-01,-1.01510e-01
2020,9,1,0,0,52,400,6.59551e-01,2.94915e-01,-2.79468e-01
2020,9,1,0,0,52,799,6.26970e-01,2.67867e-01,-2.82273e-01
2020,9,1,0,0,53,200,5.06252e-01,3.50307e-01,-2.68963e-01
2020,9,1,0,0,53,599,4.30211e-01,2.30060e-01,-4.98566e-01
2020,9,1,0,0,54,0,2.89135e-01,3.64327e-02,-7.60938e-01
2020,9,1,0,0,54,400,4.57892e-03,-1.19717e-01,-7.85012e-01
2020,9,1,0,0,54,799,-4.00955e-01,-3.31142e-01,-8.14773e-01
2020,9,1,0,0,55,200,-6.81968e-01,-6.89227e-01,-9.25878e-01
2020,9,1,0,0,55,599,-7.95123e-01,-1.13860e+00,-9.07851e-01
2020,9,1,0,0,56,0,-9.96070e-01,-1.47469e+00,-6.05815e-01
2020,9,1,0,0,56,400,-1.09622e+00,-1.51465e+00,-1.33470e-01
2020,9,1,0,0,56,799,-9.18687e-01,-1.31444e+00,3.29234e-01
2020,9,1,0,0,57,200,-6.07999e-01,-8.57068e-01,8.19177e-01
2020,9,1,0,0,57,599,-2.87220e-01,-1.79393e-01,1.22470e+00
2020,9,1,0,0,58,0,7.64990e-02,5.13546e-01,1.33100e+00
2020,9,1,0,0,58,400,3.84352e-01,9.45813e-01,1.15721e+00
2020,9,1,0,0,58,799,5.34992e-01,1.04379e+00,8.24936e-01
2020,9,1,0,0,59,200,6.30619e-01,9.94073e-01,5.35035e-01
2020,9,1,0,0,59,599,6.81419e-01,8.89931e-01,3.14199e-01
2020,9,1,0,1,0,0,6.77597e-01,7.30581e-01,2.30866e-01
2020,9,1,0,1,0,400,5.63591e-01,7.93149e-01,3.57184e-01
2020,9,1,0,1,0,799,4.50390e-01,9.85144e-01,4.10434e-01
2020,9,1,0,1,1,200,3.59887e-01,1.04710e+00,1.71773e-01
2020,9,1,0,1,1,599,3.36805e-01,8.87892e-01,-3.33743e-01
2020,9,1,0,1,2,0,3.03173e-01,5.63222e-01,-8.55050e-01
2020,9,1,0,1,2,400,2.59010e-01,1.29512e-01,-1.19987e+00
2020,9,1,0,1,2,799,1.70492e-01,-2.28523e-01,-1.29922e+00
2020,9,1,0,1,3,200,9.35592e-02,-5.11191e-01,-1.18097e+00
2020,9,1,0,1,3,599,-2.66425e-02,-9.03058e-01,-9.74491e-01
2020,9,1,0,1,4,0,-3.35373e-01,-1.18257e+00,-6.23383e-01
2020,9,1,0,1,4,400,-6.08779e-01,-1.01852e+00,-1.47148e-01
2020,9,1,0,1,4,799,-6.81690e-01,-4.66489e-01,2.42536e-01
2020,9,1,0,1,5,200,-7.09294e-01,4.66803e-02,4.16527e-01
2020,9,1,0,1,5,599,-7.03757e-01,1.88469e-01,3.05980e-01
2020,9,1,0,1,6,0,-5.76580e-01,1.08744e-01,1.47076e-01
2020,9,1,0,1,6,400,-4.27865e-01,1.15747e-02,1.66097e-01
2020,9,1,0,1,6,799,-3.34406e-01,-3.02640e-02,2.54759e-01
2020,9,1,0,1,7,200,-2.41222e-01,-1.45507e-01,3.80909e-01
2020,9,1,0,1,7,599,-9.35483e-02,-2.23322e-01,5.81240e-01
2020,9,1,0,1,8,0,1.43236e-01,3.09474e-02,8.73388e-01
2020,9,1,0,1,8,400,4.11999e-01,5.24327e-01,1.04185e+00
2020,9,1,0,1,8,799,6.57816e-01,8.31550e-01,8.39111e-01
2020,9,1,0,1,9,200,7.02467e-01,8.05922e-01,3.99137e-01
2020,9,1,0,1,9,599,7.68857e-01,7.24669e-01,2.26723e-02
2020,9,1,0,1,10,0,6.69635e-01,6.25846e-01,-2.09849e-01
2020,9,1,0,1,10,400,5.25973e-01,3.97959e-01,-4.63341e-01
2020,9,1,0,1,10,799,4.72478e-01,7.83678e-02,-8.29352e-01
2020,9,1,0,1,11,200,2.85688e-01,-2.03100e-01,-1.02853e+00
2020,9,1,0,1,11,599,-1.11577e-01,-3.53963e-01,-9.64939e-01
2020,9,1,0,1,12,0,-5.29234e-01,-4.67389e-01,-8.59727e-01
2020,9,1,0,1,12,400,-7.57084e-01,-6.17232e-01,-8.33570e-01
2020,9,1,0,1,12,799,-8.50660e-01,-7.29641e-01,-8.07450e-01
2020,9,1,0,1,13,200,-8.77252e-01,-8.22696e-01,-6.27984e-01
2020,9,1,0,1,13,599,-9.14843e-01,-8.05839e-01,-2.57917e-01
2020,9,1,0,1,14,0,-8.75727e-01,-7.70142e-01,1.60557e-01
2020,9,1,0,1,14,400,-7.03486e-01,-5.87178e-01,5.73494e-01
2020,9,1,0,1,14,799,-4.10595e-01,-3.49167e-01,9.33106e-01
2020,9,1,0,1,15,200,-6.32929e-02,-1.31013e-01,1.07230e+00
2020,9,1,0,1,15,599,4.04917e-01,1.25969e-02,9.40169e-01
2020,9,1,0,1,16,0,8.81989e-01,1.36768e-01,7.89805e-01
2020,9,1,0,1,16,400,1.17863e+00,2.60504e-01,7.26879e-01
2020,9,1,0,1,16,799,1.31847e+00,4.02770e-01,5.19966e-01
2020,9,1,0,1,17,200,1.22542e+00,4.15104e-01,1.74650e-01
2020,9,1,0,1,17,599,9.21329e-01,3.91670e-01,-1.31235e-01
2020,9,1,0,1,18,0,5.51431e-01,3.31658e-01,-3.90867e-01
2020,9,1,0,1,18,400,1.82730e-01,1.98361e-01,-6.18355e-01
2020,9,1,0,1,18,799,-1.18076e-01,-8.87014e-03,-7.83961e-01
2020,9,1,0,1,19,200,-2.95479e-01,-4.18213e-01,-8.41099e-01
2020,9,1,0,1,19,599,-3.06181e-01,-6.59314e-01,-6.33839e-01
2020,9,1,0,1,20,0,-3.83911e-01,-5.30640e-01,-2.15042e-01
2020,9,1,0,1,20,400,-5.28412e-01,-2.90606e-01,8.87746e-02
2020,9,1,0,1,20,799,-5.95016e-01,-2.17538e-01,2.11316e-01
2020,9,1,0,1,21,200,-5.18292e-01,-2.36022e-01,3.38572e-01
2020,9,1,0,1,21,599,-3.52614e-01,-3.29607e-02,5.40236e-01
2020,9,1,0,1,22,0,-2.10887e-01,3.17098e-01,7.04454e-01
2020,9,1,0,1,22,400,1.30076e-01,5.55592e-01,5.25601e-01
2020,9,1,0,1,22,799,3.35828e-01,5.71426e-01,2.23165e-01
2020,9,1,0,1,23,200,3.84998e-01,4.95982e-01,8.04884e-02
2020,9,1,0,1,23,599,3.67851e-01,3.66489e-01,-2.45768e-02
2020,9,1,0,1,24,0,1.39243e-01,2.74764e-01,1.23662e-02
2020,9,1,0,1,24,400,-8.88103e-02,2.20674e-01,1.21035e-01
2020,9,1,0,1,24,799,-1.16115e-01,3.77267e-02,2.12470e-02
2020,9,1,0,1,25,200,-1.11857e-02,-1.07269e-01,-5.61027e-02
2020,9,1,0,1,25,599,3.72189e-02,6.65284e-03,1.16967e-01
2020,9,1,0,1,26,0,8.43002e-03,2.67859e-01,3.21317e-01
2020,9,1,0,1,26,400,6.71190e-02,3.98839e-01,2.97840e-01
2020,9,1,0,1,26,799,1.25306e-01,4.01097e-01,4.60697e-03
2020,9,1,0,1,27,200,-4.22990e-03,2.56164e-01,-3.79017e-01
2020,9,1,0,1,27,599,-2.00184e-01,1.30941e-01,-6.16645e-01
2020,9,1,0,1,28,0,-3.62671e-01,6.37068e-03,-6.19227e-01
2020,9,1,0,1,28,400,-5.13686e-01,-2.59739e-02,-4.63418e-01
2020,9,1,0,1,28,799,-4.97878e-01,-7.60627e-02,-3.76955e-01
2020,9,1,0,1,29,200,-4.49329e-01,-1.81725e-01,-3.71518e-01
2020,9,1,0,1,29,599,-5.33474e-01,-2.50185e-01,-2.72491e-01
2020,9,1,0,1,30,0,-4.84808e-01,-3.92199e-01,-1.89827e-01
2020,9,1,0,1,30,400,-3.80502e-01,-4.04353e-01,-1.88745e-02
2020,9,1,0,1,30,799,-3.65159e-01,-1.77669e-01,1.81246e-01
2020,9,1,0,1,31,200,-4.04518e-01,6.67053e-02,2.25131e-01
2020,9,1,0,1,31,599,-3.11054e-01,1.06538e-01,1.82158e-01
2020,9,1,0,1,32,0,-2.95012e-02,-1.95791e-02,2.21969e-01
2020,9,1,0,1,32,400,2.51204e-01,3.75406e-02,5.26509e-01
2020,9,1,0,1,32,799,5.75922e-01,2.97039e-01,8.86561e-01
2020,9,1,0,1,33,200,8.43925e-01,5.54833e-01,8.78586e-01
2020,9,1,0,1,33,599,1.01166e+00,6.07691e-01,4.82167e-01
2020,9,1,0,1,34,0,9.35135e-01,6.04771e-01,8.59999e-03
2020,9,1,0,1,34,400,6.60189e-01,6.18948e-01,-4.27246e-01
2020,9,1,0,1,34,799,2.64350e-01,4.48896e-01,-7.93634e-01
2020,9,1,0,1,35,200,-1.07453e-01,2.03872e-01,-9.95248e-01
2020,9,1,0,1,35,599,-3.09877e-01,-4.11728e-02,-9.64989e-01
2020,9,1,0,1,36,0,-3.89396e-01,-1.93674e-01,-7.72519e-01
2020,9,1,0,1,36,400,-4.45089e-01,-3.27723e-01,-5.41977e-01
2020,9,1,0,1,36,799,-4.67066e-01,-4.81303e-01,-3.39245e-01
2020,9,1,0,1,37,200,-4.88326e-01,-6.53351e-01,-7.55451e-02
2020,9,1,0,1,37,599,-3.76407e-01,-7.15339e-01,2.00066e-01
2020,9,1,0,1,38,0,-1.41799e-01,-6.12941e-01,3.61073e-01
2020,9,1,0,1,38,400,-4.09630e-02,-3.64763e-01,4.15905e-01
2020,9,1,0,1,38,799,1.52637e-02,-1.55656e-01,3.85923e-01
2020,9,1,0,1,39,200,1.38609e-01,-5.91463e-02,3.53137e-01
2020,9,1,0,1,39,599,3.17808e-01,-1.11635e-01,3.44468e-01
2020,9,1,0,1,40,0,4.30125e-01,-2.38804e-01,4.56444e-01
2020,9,1,0,1,40,400,4.53879e-01,-1.45492e-01,7.00534e-01
2020,9,1,0,1,40,799,5.99544e-01,5.68739e-02,8.17258e-01
2020,9,1,0,1,41,200,8.11830e-01,1.46794e-01,6.88606e-01
2020,9,1,0,1,41,599,9.90799e-01,6.99979e-02,3.73332e-01
2020,9,1,0,1,42,0,8.36760e-01,2.94013e-02,1.36332e-02
2020,9,1,0,1,42,400,4.50595e-01,-3.08688e-02,-3.55462e-01
2020,9,1,0,1,42,799,1.77798e-01,-1.83359e-01,-7.41880e-01
2020,9,1,0,1,43,200,-5.05776e-03,-4.65473e-01,-1.01707e+00
2020,9,1,0,1,43,599,-7.64802e-02,-7.29194e-01,-1.07589e+00
2020,9,1,0,1,44,0,-1.02713e-01,-8.26100e-01,-8.37553e-01
2020,9,1,0,1,44,400,-2.62287e-01,-5.91441e-01,-4.21756e-01
2020,9,1,0,1,44,799,-4.98964e-01,-1.54921e-01,-4.33830e-02
2020,9,1,0,1,45,200,-6.57117e-01,-1.62417e-02,1.54304e-01
2020,9,1,0,1,45,599,-6.59437e-01,-4.36322e-02,3.04476e-01
2020,9,1,0,1,46,0,-5.40492e-01,-5.30572e-02,4.57138e-01
2020,9,1,0,1,46,400,-3.55618e-01,-8.03270e-02,4.81776e-01
2020,9,1,0,1,46,799,-1.28031e-01,-2.35816e-01,4.45634e-01
2020,9,1,0,1,47,200,2.09734e-01,-3.53561e-01,4.86378e-01
2020,9,1,0,1,47,599,2.78713e-01,-1.01928e-01,6.62464e-01
2020,9,1,0,1,48,0,1.25741e-01,5.55543e-01,7.48242e-01
2020,9,1,0,1,48,400,-2.72560e-02,9.88873e-01,6.25513e-01
2020,9,1,0,1,48,799,-1.02631e-01,9.42088e-01,1.48717e-01
2020,9,1,0,1,49,200,-1.78429e-01,6.00487e-01,-3.69030e-01
2020,9,1,0,1,49,599,-1.98927e-01,2.61169e-01,-4.96284e-01
2020,9,1,0,1,50,0,-2.09206e-01,1.09457e-01,-3.94004e-01
2020,9,1,0,1,50,400,-1.09749e-01,-3.70548e-03,-2.48384e-01
2020,9,1,0,1,50,799,6.61126e-02,-1.52100e-01,-1.59214e-01
2020,9,1,0,1,51,200,1.84569e-01,-1.70164e-01,1.31428e-02
2020,9,1,0,1,51,599,1.58186e-01,3.42649e-02,2.53416e-01
2020,9,1,0,1,52,0,7.51663e-02,3.49810e-01,3.13286e-01
2020,9,1,0,1,52,400,5.82464e-02,5.91825e-01,7.09696e-02
2020,9,1,0,1,52,799,2.94609e-02,7.04866e-01,-2.49238e-01
2020,9,1,0,1,53,200,-1.44617e-01,7.45273e-01,-5.15574e-01
2020,9,1,0,1,53,599,-3.40897e-01,6.40651e-01,-8.24883e-01
2020,9,1,0,1,54,0,-4.59662e-01,3.34845e-01,-1.02761e+00
2020,9,1,0,1,54,400,-5.89867e-01,-2.39228e-02,-9.06062e-01
2020,9,1,0,1,54,799,-6.65708e-01,-3.42796e-01,-6.10960e-01
2020,9,1,0,1,55,200,-6.31601e-01,-5.48248e-01,-2.74489e-01
2020,9,1,0,1,55,599,-4.76000e-01,-5.66017e-01,1.75890e-01
2020,9,1,0,1,56,0,-1.66505e-01,-3.79973e-01,5.78365e-01
2020,9,1,0,1,56,400,1.84759e-01,-1.19415e-01,7.56811e-01
2020,9,1,0,1,56,799,4.45212e-01,3.10584e-02,6.73278e-01
2020,9,1,0,1,57,200,5.03698e-01,5.29223e-02,4.72233e-01
2020,9,1,0,1,57,599,3.29199e-01,2.13592e-02,4.19081e-01
2020,9,1,0,1,58,0,1.10959e-01,1.38703e-01,4.84342e-01
2020,9,1,0,1,58,400,1.91833e-01,2.74836e-01,4.49405e-01
2020,9,1,0,1,58,799,4.27251e-01,2.65261e-01,3.33593e-01
2020,9,1,0,1,59,200,5.83601e-01,1.64292e-01,2.30861e-01
2020,9,1,0,1,59,599,4.83961e-01,1.20620e-01,1.57077e-01
2020,9,1,0,2,0,0,2.29016e-01,1.32952e-01,1.14114e-01
2020,9,1,0,2,0,400,5.25438e-02,1.64125e-01,3.81169e-02
2020,9,1,0,2,0,799,-4.57208e-02,1.41266e-01,-4.09007e-02
2020,9,1,0,2,1,200,-8.79368e-02,8.24435e-02,-2.07594e-01
2020,9,1,0,2,1,599,-1.30039e-01,4.34806e-02,-4.74551e-01
2020,9,1,0,2,2,0,-8.42939e-02,5.28454e-03,-6.36186e-01
2020,9,1,0,2,2,400,-1.57453e-02,-5.11536e-02,-5.81362e-01
2020,9,1,0,2,2,799,1.41332e-01,-1.24861e-01,-4.16530e-01
2020,9,1,0,2,3,200,2.98006e-01,-2.16855e-01,-2.01856e-01
2020,9,1,0,2,3,599,2.44178e-01,-1.79748e-01,1.26475e-02
2020,9,1,0,2,4,0,2.45862e-02,-6.89238e-02,4.97136e-02
2020,9,1,0,2,4,400,-2.94294e-01,-5.00880e-02,-6.10430e-02
2020,9,1,0,2,4,799,-4.99862e-01,-8.61303e-02,-2.71213e-01
2020,9,1,0,2,5,200,-5.26777e-01,-2.32664e-01,-3.79189e-01
2020,9,1,0,2,5,599,-5.09149e-01,-4.71414e-01,-2.63849e-01
2020,9,1,0,2,6,0,-3.80385e-01,-4.33547e-01,2.21333e-02
2020,9,1,0,2,6,400,-2.95243e-01,-1.00348e-01,3.48610e-01
2020,9,1,0,2,6,799,-1.42938e-01,1.38516e-01,3.81783e-01
2020,9,1,0,2,7,200,-9.10231e-02,8.11591e-02,2.39385e-01
2020,9,1,0,2,7,599,-2.75062e-02,5.61017e-03,1.98032e-01
2020,9,1,0,2,8,0,1.03405e-01,-3.33329e-02,2.05538e-01
2020,9,1,0,2,8,400,2.01864e-01,-7.27112e-02,1.82060e-01
2020,9,1,0,2,8,799,2.56081e-01,-9.46469e-02,1.59604e-01
2020,9,1,0,2,9,200,1.90590e-01,-1.54027e-01,1.16291e-01
2020,9,1,0,2,9,599,1.70213e-01,-2.87568e-01,-6.93085e-02
2020,9,1,0,2,10,0,3.05362e-01,-4.39228e-01,-1.44590e-01
2020,9,1,0,2,10,400,5.85473e-01,-4.25683e-01,3.94169e-02
2020,9,1,0,2,10,799,6.21517e-01,-4.12962e-01,2.02809e-01
2020,9,1,0,2,11,200,4.70285e-01,-3.27347e-01,2.56051e-01
2020,9,1,0,2,11,599,3.32712e-01,-7.65086e-02,2.47411e-01
2020,9,1,0,2,12,0,2.40620e-01,2.09400e-01,1.15412e-01
2020,9,1,0,2,12,400,8.32583e-02,4.56562e-01,-9.06354e-02
2020,9,1,0,2,12,799,-1.28175e-01,4.61938e-01,-3.31581e-01
2020,9,1,0,2,13,200,-3.48627e-01,3.56004e-01,-5.22592e-01
2020,9,1,0,2,13,599,-3.88874e-01,2.86804e-02,-7.26605e-01
2020,9,1,0,2,14,0,-4.27935e-01,-2.61174e-01,-7.38378e-01
2020,9,1,0,2,14,400,-5.10663e-01,-3.47352e-01,-3.94337e-01
2020,9,1,0,2,14,799,-5.36322e-01,-3.96966e-01,-8.62696e-03
2020,9,1,0,2,15,200,-3.50807e-01,-3.18495e-01,2.91101e-01
2020,9,1,0,2,15,599,-4.36358e-02,-2.04070e-01,4.39471e-01
2020,9,1,0,2,16,0,2.19309e-01,-2.19120e-01,4.39090e-01
2020,9,1,0,2,16,400,3.37567e-01,-2.90389e-01,3.93149e-01
2020,9,1,0,2,16,799,2.78796e-01,-1.77578e-01,3.94461e-01
2020,9,1,0,2,17,200,1.32298e-01,-2.87998e-02,3.12361e-01
2020,9,1,0,2,17,599,9.85413e-02,-1.04946e-02,9.94042e-02
2020,9,1,0,2,18,0,2.08908e-01,7.37546e-03,-1.68236e-02
2020,9,1,0,2,18,400,2.74498e-01,1.91187e-01,1.10710e-01
2020,9,1,0,2,18,799,3.07375e-01,4.66593e-01,2.45963e-01
2020,9,1,0,2,19,200,3.07605e-01,7.77476e-01,2.41504e-01
2020,9,1,0,2,19,599,1.74648e-01,7.91071e-01,4.90756e-02
2020,9,1,0,2,20,0,-1.12947e-01,7.12762e-01,-1.02477e-01
2020,9,1,0,2,20,400,-3.32528e-01,7.45140e-01,-6.19462e-02
2020,9,1,0,2,20,799,-3.50980e-01,7.58304e-01,-4.32466e-02
2020,9,1,0,2,21,200,-2.14988e-01,5.50146e-01,-1.31955e-01
2020,9,1,0,2,21,599,9.00100e-03,2.51063e-01,-2.41004e-01
2020,9,1,0,2,22,0,2.20964e-01,-4.69428e-02,-2.20913e-01
2020,9,1,0,2,22,400,3.21281e-01,-1.77541e-01,-1.01094e-01
2020,9,1,0,2,22,799,2.21664e-01,-1.79229e-01,4.23306e-02
2020,9,1,0,2,23,200,5.53272e-02,-1.26245e-01,8.47718e-02
2020,9,1,0,2,23,599,-2.64523e-04,-1.83140e-01,2.16356e-02
2020,9,1,0,2,24,0,2.15326e-02,-2.76761e-01,2.76366e-02
2020,9,1,0,2,24,400,-1.19858e-03,-2.41640e-01,1.34346e-01
2020,9,1,0,2,24,799,-8.02821e-02,-9.62209e-02,1.76035e-01
2020,9,1,0,2,25,200,-6.01767e-02,-4.41469e-02,-3.82936e-02
2020,9,1,0,2,25,599,-2.99914e-02,-1.20906e-01,-3.35314e-01
2020,9,1,0,2,26,0,-8.94162e-02,-1.41730e-01,-4.20889e-01
2020,9,1,0,2,26,400,-3.04869e-01,-1.81572e-01,-3.02838e-01
2020,9,1,0,2,26,799,-4.97509e-01,-1.10876e-01,-1.25421e-01
2020,9,1,0,2,27,200,-5.68848e-01,-9.64388e-02,-5.32152e-02
2020,9,1,0,2,27,599,-5.19424e-01,-1.54991e-01,2.27523e-02
2020,9,1,0,2,28,0,-4.26433e-01,-1.76683e-01,2.32938e-01
2020,9,1,0,2,28,400,-2.91094e-01,-5.21201e-02,4.71216e-01
2020,9,1,0,2,28,799,-2.03217e-03,2.01146e-01,5.30308e-01
2020,9,1,0,2,29,200,3.29546e-01,3.05703e-01,3.08345e-01
2020,9,1,0,2,29,599,5.03273e-01,2.81054e-01,8.73144e-02
2020,9,1,0,2,30,0,5.86484e-01,1.82485e-01,-8.29205e-03
2020,9,1,0,2,30,400,6.23380e-01,-2.75757e-02,-1.61235e-01
2020,9,1,0,2,30,799,5.04583e-01,-1.25581e-01,-2.85634e-01
2020,9,1,0,2,31,200,2.84501e-01,-9.50746e-02,-3.03918e-01
2020,9,1,0,2,31,599,7.60948e-02,-1.02796e-02,-2.96193e-01
2020,9,1,0,2,32,0,-9.97322e-02,-7.26170e-02,-3.06364e-01
2020,9,1,0,2,32,400,-1.64421e-01,-2.45657e-01,-3.01509e-01
2020,9,1,0,2,32,799,-6.46060e-02,-2.53055e-01,-1.67133e-01
2020,9,1,0,2,33,200,2.28071e-02,-1.69202e-01,1.62923e-03
2020,9,1,0,2,33,599,4.21094e-02,-1.95639e-01,5.92381e-02
2020,9,1,0,2,34,0,-3.92485e-02,-3.15013e-01,1.21134e-02
2020,9,1,0,2,34,400,-7.63880e-02,-4.15386e-01,-1.09436e-01
2020,9,1,0,2,34,799,-1.70039e-01,-4.60976e-01,-1.97533e-01
2020,9,1,0,2,35,200,-2.41234e-01,-4.15147e-01,-2.18445e-01
2020,9,1,0,2,35,599,-2.69085e-01,-2.21484e-01,-1.35576e-01
2020,9,1,0,2,36,0,-3.86183e-01,1.36357e-01,1.87921e-02
2020,9,1,0,2,36,400,-4.70569e-01,4.00761e-01,-4.54474e-02
2020,9,1,0,2,36,799,-5.32292e-01,3.50000e-01,-3.10487e-01
2020,9,1,0,2,37,200,-6.50025e-01,1.70621e-01,-3.65157e-01
2020,9,1,0,2,37,599,-8.34448e-01,1.39033e-01,-1.42578e-01
2020,9,1,0,2,38,0,-8.85003e-01,1.25190e-01,1.46006e-01
2020,9,1,0,2,38,400,-6.58729e-01,1.11098e-01,3.83785e-01
2020,9,1,0,2,38,799,-2.89115e-01,5.16398e-03,5.98859e-01
2020,9,1,0,2,39,200,7.89116e-02,-4.58382e-02,8.58050e-01
2020,9,1,0,2,39,599,4.67352e-01,8.73940e-02,1.04366e+00
